-- ICEHub seed data (auto-generated by scripts/export-supabase.mjs)
-- Exported: 2026-06-30T14:32:11.917Z
-- Run database/schema.sql first, then this file.

BEGIN;

-- users: 44 row(s)

INSERT INTO "users" ("id", "name", "email", "image", "bio", "skills", "role", "userRole", "createdAt", "affiliation", "gender", "expertise", "video", "user_links") VALUES ('8c5951c9-0900-4061-b272-87ab92a2d5d1', 'Prasanth Sasikumar', 'prasanth@ahlab.org', 'https://plfsm7exhtuj3efj.public.blob.vercel-storage.com/0d178ab6-8bc7-4be7-9b71-f2b80da2fa3b.jpeg', 'Research Fellow at NUS specializing in AR/VR and physiological sensing. I''m passionate about immersive tech and all things automotive (cars and bikes!). Need quick prototyping for AR/VR wearables? Let''s chat! For my latest updates, check out flowsxr.com.', ARRAY["{\"name\":\"JavaScript\",\"level\":4}", "{\"name\":\"React\",\"level\":4}", "{\"name\":\"Python\",\"level\":4}", "{\"name\":\"Unity\",\"level\":5}"]::text[], 'admin', 'mentor', '2025-08-03T08:45:27.691+00:00', 'National University of Singapore', 'male', 'Augmented & Virtual Reality, Full Stac Dev', 'https://www.youtube.com/watch?v=rfkcI9jR6S0&ab_channel=UniversityofAuckland%7CWaipapaTaumataRau', '[{"label":"github - ICE2025.com source code","url":"https://github.com/prasanthsasikumar/icehub"},{"label":"Quick Prototyping Slides","url":"https://docs.google.com/presentation/d/1S_4vY0LlztkTQLLsTTdbH4mOJWQSoImSGY_GcOqb2ZA/edit?usp=sharing"}]') ON CONFLICT DO NOTHING;
INSERT INTO "users" ("id", "name", "email", "image", "bio", "skills", "role", "userRole", "createdAt", "affiliation", "gender", "expertise", "video", "user_links") VALUES ('0a875cf1-1755-46be-8a0d-78f56e80b74a', 'Lasitha Amarasinghe', 'amarasinghelra@gmail.com', 'https://drive.google.com/file/d/1cVEy5WKQEslmThNTDayyzoK34WX36qaC/view?usp=sharing', 'Research intern building cutting-edge digital assistant platforms for augmented reality glasses at NUS', ARRAY["Augmented Reality", "Computer Vision", "Unity"]::text[], 'user', 'participant', '2025-08-05T10:31:21.254+00:00', 'University of Moratuwa', 'male', 'Augmented Reality and Digital Assistants', 'https://drive.google.com/file/d/121BFIzaU51Mn9wYb2xECB7-z0bG6AvFY/view?usp=sharing', NULL) ON CONFLICT DO NOTHING;
INSERT INTO "users" ("id", "name", "email", "image", "bio", "skills", "role", "userRole", "createdAt", "affiliation", "gender", "expertise", "video", "user_links") VALUES ('b33b1a4f-36d0-4ea1-b36d-d30abb66314d', 'Samudi Perera', 'samudiperera125@gmail.com', 'https://drive.google.com/file/d/11g7yqYFudO1jcBYlUvCKxUOT0wN-6bUg/view?usp=sharing', 'HCI researcher focused on real-time cognitive load detection and developing adaptive user interfaces for better user experiences', ARRAY["Human-Computer Interaction", "Machine Learning", "Python"]::text[], 'user', 'participant', '2025-08-05T10:31:21.322+00:00', 'University of Colombo School of Computing', 'female', 'Human-Computer Interaction and Cognitive Computing', 'https://drive.google.com/file/d/1nQJs18iNi-72j-dVmtR2jT_iTCzd2lVF/view?usp=sharing', NULL) ON CONFLICT DO NOTHING;
INSERT INTO "users" ("id", "name", "email", "image", "bio", "skills", "role", "userRole", "createdAt", "affiliation", "gender", "expertise", "video", "user_links") VALUES ('08f96e58-9c59-4691-9c69-c5c659a717fb', 'Sahan Abeyrathna', 'sahanminidu2001@gmail.com', 'https://drive.google.com/file/d/1gkkZMy2ndu8HFTM3w9Gr3JTGw3-QomBM/view?usp=sharing', 'Electronics and telecommunications engineering student with startup experience and expertise in physiological signal extraction from video', ARRAY["Computer Vision", "Signal Processing", "Python"]::text[], 'user', 'participant', '2025-08-05T10:31:21.391+00:00', 'University of Moratuwa', 'male', 'Biomedical Signal Processing and Computer Vision', 'https://drive.google.com/file/d/1DprOvBRW2CzNuC1lAj4nynz3jF5IsdVR/view?usp=sharing', NULL) ON CONFLICT DO NOTHING;
INSERT INTO "users" ("id", "name", "email", "image", "bio", "skills", "role", "userRole", "createdAt", "affiliation", "gender", "expertise", "video", "user_links") VALUES ('aced8f8b-7632-4779-8f87-f4bafa0299ee', 'Julian Silva', 'silva.ljjp@gmail.com', 'https://drive.google.com/file/d/10GhW5P0Jy0qx6ox7F6yiO8PDXbCrV9oN/view?usp=sharing', 'Embedded ML engineer and AI startup founder specializing in computer vision robotics and assistive technology solutions', ARRAY["Machine Learning", "Computer Vision", "Robotics"]::text[], 'user', 'participant', '2025-08-05T10:31:21.468+00:00', 'University of Moratuwa', 'male', 'Embedded Machine Learning and Computer Vision', 'https://drive.google.com/file/d/1j45qgiJcxWMDIaHZHiI5MvFfY_e5ljMs/view?usp=sharing', NULL) ON CONFLICT DO NOTHING;
INSERT INTO "users" ("id", "name", "email", "image", "bio", "skills", "role", "userRole", "createdAt", "affiliation", "gender", "expertise", "video", "user_links") VALUES ('da5f272f-1fb8-4ab4-8e86-3cead3ca5d95', 'Charuka Bandara', 'nishalakb@gmail.com', 'https://drive.google.com/file/d/1HqKVvP_GBUrfBeE-SOpY5wt_VLhnOhgA/view?usp=sharing', 'AI research engineer building humanoid robots with computer vision capabilities and MIT machine learning experience', ARRAY["Computer Vision", "Machine Learning", "Robotics"]::text[], 'user', 'participant', '2025-08-05T10:31:21.537+00:00', 'University of Moratuwa', 'female', 'AI Research and Computer Vision', 'https://drive.google.com/file/d/1Acv_0GkpKqdZOw9Rf_cg-xS56XEX7KCc/view?usp=sharing', NULL) ON CONFLICT DO NOTHING;
INSERT INTO "users" ("id", "name", "email", "image", "bio", "skills", "role", "userRole", "createdAt", "affiliation", "gender", "expertise", "video", "user_links") VALUES ('164e9b10-b35e-4f42-8ae6-298f7ea4a474', 'Shakya Dissanayake', 'shakyaanuraj69@gmail.com', 'https://drive.google.com/file/d/11UZt_Ghscwt1dzor_njy03fgg6gs_EuK/view?usp=sharing', 'Freelance ML developer specializing in computer vision and LLMs with research focus on on-device AI and edge computing', ARRAY["Machine Learning", "Computer Vision", "LLMs"]::text[], 'user', 'participant', '2025-08-05T10:31:21.677+00:00', 'Kotelawala Defence University', 'male', 'Computer Vision and Edge AI', 'https://drive.google.com/file/d/1XastL_CuLr5-zwZbnmJD7TfSdYSPFirA/view?usp=sharing', NULL) ON CONFLICT DO NOTHING;
INSERT INTO "users" ("id", "name", "email", "image", "bio", "skills", "role", "userRole", "createdAt", "affiliation", "gender", "expertise", "video", "user_links") VALUES ('06040f34-eec8-4405-af50-1cc1b7c896d1', 'Ransadi de Alwis', 'dealwisransadi@gmail.com', 'https://drive.google.com/file/d/1byRx1XMhejTvNDSxP8IGvKzTh0uFiSnJ/view?usp=sharing', 'Deep learning enthusiast with passion for smart wearables and human-computer interaction technologies', ARRAY["Deep Learning", "Machine Learning", "Python"]::text[], 'user', 'participant', '2025-08-05T10:31:21.741+00:00', 'University of Moratuwa', 'female', 'Wearable Technology and Deep Learning', 'https://drive.google.com/file/d/1flXeFa20NeHMMApSuMg1yNH4yxhB7Scj/view?usp=sharing', NULL) ON CONFLICT DO NOTHING;
INSERT INTO "users" ("id", "name", "email", "image", "bio", "skills", "role", "userRole", "createdAt", "affiliation", "gender", "expertise", "video", "user_links") VALUES ('710aaee4-7869-415f-a954-ba318961e01e', 'W C K Jayaweera', 'charunikosala9723@gmail.com', 'https://drive.google.com/file/d/10LuwsaPdmnPKSMTsEpkFYYyZKas1mGVr/view?usp=sharing', 'Postgraduate researcher specializing in Natural Language Processing and Large Language Models with advanced NLP expertise', ARRAY["Natural Language Processing", "Large Language Models", "Python"]::text[], 'user', 'participant', '2025-08-05T10:31:21.814+00:00', 'University of Moratuwa', 'female', 'Natural Language Processing and LLMs', 'https://drive.google.com/file/d/1OVPe8IMJiwHfoUNQcPZ8ZqlscT6TLtqV/view?usp=sharing', NULL) ON CONFLICT DO NOTHING;
INSERT INTO "users" ("id", "name", "email", "image", "bio", "skills", "role", "userRole", "createdAt", "affiliation", "gender", "expertise", "video", "user_links") VALUES ('44b2afbc-2e8b-4fed-a551-012ec5140c34', 'Sanjani Wickramasinghe', 'sanjaniwickramasinghe@gmail.com', 'https://drive.google.com/file/d/1OnAtLCqbwP9LDPSvJEDQwKKjQrFwngp2/view?usp=sharing', 'Data scientist at IFS developing enterprise AI solutions including OCR machine learning and generative AI applications', ARRAY["Machine Learning", "Data Science", "OCR"]::text[], 'user', 'participant', '2025-08-05T10:31:21.886+00:00', 'University of Colombo', 'female', 'Enterprise AI and Machine Learning', 'https://drive.google.com/file/d/1Vyl18x48U5wEr6MAe0vG5LHkCgn9cRyE/view?usp=sharing', NULL) ON CONFLICT DO NOTHING;
INSERT INTO "users" ("id", "name", "email", "image", "bio", "skills", "role", "userRole", "createdAt", "affiliation", "gender", "expertise", "video", "user_links") VALUES ('769b5ebf-37ec-4a30-952d-4e997b3d3b9f', 'Pasindhu Weerathunga', 'pasindhuweerathunga@gmail.com', 'https://plfsm7exhtuj3efj.public.blob.vercel-storage.com/c3557d6b-e766-4b35-8ba4-4187c3372707.jpeg', 'Mechanical engineer turned XR developer with research focus on VR applications in education and immersive technology startups', ARRAY["{\"name\":\"Virtual Reality\",\"level\":4}", "{\"name\":\"Unity\",\"level\":4}", "{\"name\":\"C#\",\"level\":3}"]::text[], 'user', 'participant', '2025-08-05T10:31:21.185+00:00', 'University of Sri Jayewardenepura', 'male', 'XR Development and Educational Technology', 'https://drive.google.com/file/d/1Xc-KnQ7oKh8mHHYVgU4p6BoAxDDaRCWl/view?usp=sharing', '') ON CONFLICT DO NOTHING;
INSERT INTO "users" ("id", "name", "email", "image", "bio", "skills", "role", "userRole", "createdAt", "affiliation", "gender", "expertise", "video", "user_links") VALUES ('df405df0-123a-4844-844e-d3dcc5fa7026', 'Manith Marapperuma', 'manith.j.2002@gmail.com', 'https://drive.google.com/file/d/10DQRgc7FjmcGG49hbDV4F-zFQdxeVg-_/view?usp=sharing', 'Machine learning intern specializing in Graph Neural Networks and Graph Database technologies for complex data relationships', ARRAY["Graph Neural Networks", "Machine Learning", "Python"]::text[], 'user', 'participant', '2025-08-05T10:31:21.962+00:00', 'Kotelawala Defence University', 'male', 'Graph Neural Networks and Graph Databases', 'https://drive.google.com/file/d/1MYxgXue9kEK-t_3b21IyCNq-MHJ6N5OD/view?usp=sharing', NULL) ON CONFLICT DO NOTHING;
INSERT INTO "users" ("id", "name", "email", "image", "bio", "skills", "role", "userRole", "createdAt", "affiliation", "gender", "expertise", "video", "user_links") VALUES ('9b594a31-cb83-49b5-855a-cea31d359e92', 'Shaveen Herath', 'herathshaveen@gmail.com', 'https://drive.google.com/file/d/1U69pMPcqo763GPJOKCLcwzUwCnoPn1rQ/view?usp=sharing', 'AI engineer intern working on vision-language models with hobby projects in transformer architectures', ARRAY["Vision-Language Models", "Transformers", "Deep Learning"]::text[], 'user', 'participant', '2025-08-05T10:31:22.094+00:00', 'University of Moratuwa', 'male', 'Vision-Language Models and Transformers', 'https://drive.google.com/file/d/1tTLAKrvwCUGPDsnGC-XDYrlbT53IJqr1/view?usp=sharing', NULL) ON CONFLICT DO NOTHING;
INSERT INTO "users" ("id", "name", "email", "image", "bio", "skills", "role", "userRole", "createdAt", "affiliation", "gender", "expertise", "video", "user_links") VALUES ('e7565bfd-48a0-428a-9c52-737dfcafadf1', 'Nirasha Nelki', 'nirashanelki@gmail.com', 'https://drive.google.com/file/d/1iWQkthxHNLfiCkiyQK2Ssol_xCNqlzRM/view?usp=sharing', 'Research intern focused on enhancing explainability in text summarization models with strong interest in human-computer interaction', ARRAY["Natural Language Processing", "Explainable AI", "Machine Learning"]::text[], 'user', 'participant', '2025-08-05T10:31:22.159+00:00', 'University of Colombo School of Computing', 'female', 'Explainable AI and Text Summarization', 'https://drive.google.com/file/d/1tMrsZ4pN22xadA3qerX2h_XNzJmcdSaL/view?usp=sharing', NULL) ON CONFLICT DO NOTHING;
INSERT INTO "users" ("id", "name", "email", "image", "bio", "skills", "role", "userRole", "createdAt", "affiliation", "gender", "expertise", "video", "user_links") VALUES ('3991781e-a639-44df-abba-13966539d9b6', 'Shaveen Silva', 'kshaveensilva2021@gmail.com', 'https://drive.google.com/file/d/1XVyjTQxWBBK2j2lm_bEBXwUlZfgQrXza/view?usp=sharing', 'Startup developer building agentic AI platforms with unique background combining finance expertise and AI development', ARRAY["Agentic AI", "Machine Learning", "Finance"]::text[], 'user', 'participant', '2025-08-05T10:31:22.234+00:00', 'University of Moratuwa', 'male', 'Agentic AI and Financial Technology', 'https://drive.google.com/file/d/1FMl0qKS_lLRX7s0fPdldpeR16Zp8McSz/view?usp=sharing', NULL) ON CONFLICT DO NOTHING;
INSERT INTO "users" ("id", "name", "email", "image", "bio", "skills", "role", "userRole", "createdAt", "affiliation", "gender", "expertise", "video", "user_links") VALUES ('28b6a34f-f9fc-4092-a009-65c4bfc0ecbd', 'Dilina Bandara', 'dilinaedu@gmail.com', 'https://drive.google.com/file/d/1x6YHYeEDVOSCZCtovOlx_6MQrV5muvTF/view?usp=sharing', 'Young entrepreneur and founder of JustEnglish.lk generating revenue while building innovative educational technology solutions', ARRAY["Entrepreneurship", "Educational Technology", "Web Development"]::text[], 'user', 'participant', '2025-08-05T10:31:22.503+00:00', 'Informatics Institute of Technology', 'male', 'Educational Technology and Entrepreneurship', 'https://drive.google.com/file/d/1AjFwvNN81Q1DgrHI82b4FnlZIk9C4U3k/view?usp=sharing', NULL) ON CONFLICT DO NOTHING;
INSERT INTO "users" ("id", "name", "email", "image", "bio", "skills", "role", "userRole", "createdAt", "affiliation", "gender", "expertise", "video", "user_links") VALUES ('0b27123b-9f36-4705-8052-9cda548cc52f', 'Ranshika Sandeepani', 'ranshikasandeepani15@gmail.com', 'https://drive.google.com/file/d/1mD3fVfuztCTZraot9hC-d0gJiYs7uSsI/view?usp=sharing', 'Data science student researching AI applications in mental health and healthcare analytics with time series forecasting expertise', ARRAY["Data Science", "Healthcare Analytics", "Machine Learning"]::text[], 'user', 'participant', '2025-08-05T10:31:22.568+00:00', 'Kotelawala Defence University', 'female', 'AI for Mental Health and Healthcare Analytics', 'https://drive.google.com/file/d/1TmkWoEecFtldXBE8vs99sHseWsj8JEzV/view?usp=sharing', NULL) ON CONFLICT DO NOTHING;
INSERT INTO "users" ("id", "name", "email", "image", "bio", "skills", "role", "userRole", "createdAt", "affiliation", "gender", "expertise", "video", "user_links") VALUES ('e334d6c7-f1ae-429d-9890-ebcfd0d64ebb', 'Leeshan Liyanaarachchi', 's20570@sci.pdn.ac.lk', 'https://drive.google.com/file/d/1qK-95JUzMRgeXUvK1r7lxjT5w_jU3cMf/view?usp=sharing', 'Entrepreneur planning tourism and agri-tech startups with extensive leadership experience and image processing focus', ARRAY["Image Processing", "Computer Vision", "Entrepreneurship"]::text[], 'user', 'participant', '2025-08-05T10:31:22.632+00:00', 'University of Peradeniya', 'male', 'Image Processing and Entrepreneurship', 'https://drive.google.com/file/d/1ItFAeJsZ6TSSJHmTNVv6jt5l6-I5yMjz/view?usp=sharing', NULL) ON CONFLICT DO NOTHING;
INSERT INTO "users" ("id", "name", "email", "image", "bio", "skills", "role", "userRole", "createdAt", "affiliation", "gender", "expertise", "video", "user_links") VALUES ('5d47b976-fcd2-46db-8931-48cae69e67ce', 'Sajeev Kugarajah', 'sajeevk2001@gmail.com', 'https://drive.google.com/file/d/1h0z4vGw6gEYvwuS81ZLjpwmoscR4FDG1/view?usp=sharing', 'ML engineer intern working on LLM-based forecasting and disaster management systems using multi-agent approaches for social good', ARRAY["Large Language Models", "Forecasting", "Machine Learning"]::text[], 'user', 'participant', '2025-08-05T10:31:22.71+00:00', 'University of Moratuwa', 'male', 'LLM Forecasting and Disaster Management', 'https://drive.google.com/file/d/1bpW5oaZik-Qmmp9x0Shg9oVtLR8YvYNR/view?usp=sharing', NULL) ON CONFLICT DO NOTHING;
INSERT INTO "users" ("id", "name", "email", "image", "bio", "skills", "role", "userRole", "createdAt", "affiliation", "gender", "expertise", "video", "user_links") VALUES ('41564ab3-6fca-45af-82d1-d45dbd60e4d2', 'Gayuni Basnayake', 'gayunibas@gmail.com', 'https://drive.google.com/file/d/1_DRGN9MwRrYsUo1eyzow1XIa48j6u5tp/view?usp=sharing', 'AI/ML intern and robotics instructor combining fuzzy logic research with computer vision for enhanced educational robotics', ARRAY["Fuzzy Logic", "Computer Vision", "Robotics"]::text[], 'user', 'participant', '2025-08-05T10:31:22.773+00:00', 'University of Moratuwa', 'female', 'Fuzzy Logic and Computer Vision', 'https://drive.google.com/file/d/107nJBsbVSRQXZxGAdtOGnG8DEWfvJCRq/view?usp=sharing', NULL) ON CONFLICT DO NOTHING;
INSERT INTO "users" ("id", "name", "email", "image", "bio", "skills", "role", "userRole", "createdAt", "affiliation", "gender", "expertise", "video", "user_links") VALUES ('31f4210c-769f-4f41-bd40-815c89a66e84', 'Dilki Sewwandi', 'dsewwandi2001@gmail.com', 'https://plfsm7exhtuj3efj.public.blob.vercel-storage.com/c265bb58-1d31-4039-8a7b-0cec52c98d2b.jpeg', 'UCSC HCI lab research assistant with CHI 2025 publication in human-computer interaction and an intern software developer at Emplity Pte Ltd.', ARRAY["{\"name\":\"Human-Computer Interaction\",\"level\":2}", "{\"name\":\"Research\",\"level\":3}", "{\"name\":\"Software Development\",\"level\":2}"]::text[], 'user', 'participant', '2025-08-05T10:31:22.441+00:00', 'University of Colombo School of Computing', 'female', 'Human-Computer Interaction Research', 'https://drive.google.com/file/d/1d-DS55dudYRY7qVv8fIqyGzRScZfr0EW/view?usp=sharing', '') ON CONFLICT DO NOTHING;
INSERT INTO "users" ("id", "name", "email", "image", "bio", "skills", "role", "userRole", "createdAt", "affiliation", "gender", "expertise", "video", "user_links") VALUES ('8bde6bdd-79ba-421c-98da-b625a4453783', 'Sunera Sandaruwan', 'sunerasandaruwan1@gmail.com', 'https://plfsm7exhtuj3efj.public.blob.vercel-storage.com/39512a65-9170-4dfd-8ceb-0535311ec1ff.jpeg', 'Software engineer intern at CodeGen aiming for leadership positions while building expertise in AI and machine learning', ARRAY["{\"name\":\"Software Engineering\",\"level\":4}", "{\"name\":\"Machine Learning\",\"level\":3}", "{\"name\":\"Python\",\"level\":4}"]::text[], 'user', 'participant', '2025-08-05T10:31:22.31+00:00', 'University of Moratuwa', 'male', 'Software Engineering and AI/ML', 'https://drive.google.com/file/d/1UTk1RLlrECFJPszGfWjtpHxo4XcEQCwh/view?usp=sharing', '') ON CONFLICT DO NOTHING;
INSERT INTO "users" ("id", "name", "email", "image", "bio", "skills", "role", "userRole", "createdAt", "affiliation", "gender", "expertise", "video", "user_links") VALUES ('17fff363-4297-40ce-86ad-61631798d31b', 'Lasindu Ranasinghe', '39-bse-0005@kdu.ac.lk', 'https://drive.google.com/file/d/1PNtGGr7wG4w8LZ2-ubWXfhNYCT4JCrWc/view?usp=sharing', 'Event organizer and networking enthusiast who successfully organized Ideate360 entrepreneurship event for university peers', ARRAY["Event Management", "Entrepreneurship", "Leadership"]::text[], 'user', 'participant', '2025-08-05T10:31:22.841+00:00', 'Kotelawala Defence University', 'male', 'Event Management and Entrepreneurship', 'https://drive.google.com/file/d/14ISAKPROKVY8F2GLz3IBwbXy6la_ZJqq/view?usp=sharing', NULL) ON CONFLICT DO NOTHING;
INSERT INTO "users" ("id", "name", "email", "image", "bio", "skills", "role", "userRole", "createdAt", "affiliation", "gender", "expertise", "video", "user_links") VALUES ('210fad73-241b-4d46-8faf-440ceddc50c8', 'T.N Sasindi Peiris', 'sasindipeiris2@gmail.com', 'https://drive.google.com/file/d/1goDiTHJrXYdVoFYnqpQvcjJ4jvBeR6jU/view?usp=sharing', 'Fashion technology enthusiast and public speaking champion interested in blending artificial intelligence with fashion innovation', ARRAY["Fashion Technology", "AI Applications", "Public Speaking"]::text[], 'user', 'participant', '2025-08-05T10:31:22.907+00:00', 'University of Moratuwa', 'female', 'AI in Fashion and Public Speaking', 'https://drive.google.com/file/d/1aXNXX2dxWBuhGdhZQG1wnYXQjpb7gEKX/view?usp=sharing', NULL) ON CONFLICT DO NOTHING;
INSERT INTO "users" ("id", "name", "email", "image", "bio", "skills", "role", "userRole", "createdAt", "affiliation", "gender", "expertise", "video", "user_links") VALUES ('39084a1a-2022-4629-a38c-97318cc57160', 'Subhavi', 'subhaviperera21@gmail.com', 'https://drive.google.com/file/d/1nfCzD3Q-9pbPjfKBHHi89gcEhzMKNoXl/view?usp=sharing', 'Fashion design student interning at MAS Active with vision to innovate at intersection of fashion technology and sustainability', ARRAY["Fashion Design", "Sustainability", "Innovation"]::text[], 'user', 'participant', '2025-08-05T10:31:22.977+00:00', 'University of Moratuwa', 'female', 'Sustainable Fashion Technology', 'https://drive.google.com/file/d/1z2-_xdULYIbFEZ7GORIbcXkYzbRh0mzG/view?usp=sharing', NULL) ON CONFLICT DO NOTHING;
INSERT INTO "users" ("id", "name", "email", "image", "bio", "skills", "role", "userRole", "createdAt", "affiliation", "gender", "expertise", "video", "user_links") VALUES ('e06731d6-2707-4d1e-b69a-5b64ad6d876e', 'Sachintha Nimesh S', 'sanisenevirathna@gmail.com', 'https://plfsm7exhtuj3efj.public.blob.vercel-storage.com/04c40c89-afde-4513-beae-04ca2880b7be.jpeg', 'Software engineering intern at WSO2 with undergraduate research focus on distributed machine learning systems', ARRAY["{\"name\":\"Distributed Systems\",\"level\":4}", "{\"name\":\"Machine Learning\",\"level\":4}", "{\"name\":\"Software Engineering\",\"level\":4}"]::text[], 'user', 'participant', '2025-08-05T10:31:23.195+00:00', 'University of Jaffna', 'male', 'Distributed Machine Learning', 'https://drive.google.com/file/d/14EG2CX3PCXE-ty7-QiU8pRTEP3k6rmlX/view?usp=sharing', '') ON CONFLICT DO NOTHING;
INSERT INTO "users" ("id", "name", "email", "image", "bio", "skills", "role", "userRole", "createdAt", "affiliation", "gender", "expertise", "video", "user_links") VALUES ('72da9505-3ac6-42f4-aac7-f5d53a717307', 'Ryo Hajika', 'r.hajika@massey.ac.nz', 'https://plfsm7exhtuj3efj.public.blob.vercel-storage.com/296ccf62-003e-4fb1-ba71-a17597fe3177.jpeg', '🇯🇵 research lab technical manager at school of built environment at Massey University 🇳🇿', ARRAY["C++ (as modern C)", "Unity", "openFrameworks", "Swift", "Python", "KiCAD", "Adobe Illustrator/Photoshop", "Final Cut Pro", "Luma Fusion", "Rekordbox", "MaxMSP", "Pure Data", "Arduino", "Processing"]::text[], 'admin', 'mentor', '2025-08-05T05:55:33.352+00:00', 'Massey University', 'male', 'Physical computing, hardware prototyping, XR dev, data visualization', '', NULL) ON CONFLICT DO NOTHING;
INSERT INTO "users" ("id", "name", "email", "image", "bio", "skills", "role", "userRole", "createdAt", "affiliation", "gender", "expertise", "video", "user_links") VALUES ('e49f792a-268b-433e-8521-f8d69fe588ce', 'Tharindu Kaluarachchi', 'tharindu@pekoe.ai', 'https://plfsm7exhtuj3efj.public.blob.vercel-storage.com/d01d7815-c82c-4594-a802-5d717566a786.png', 'Try to have fun with everything I do. I''m into almost anything as I enjoy most things. Want to maximize time with friends and family. 
On the professional side, I''m started working the CTO at Pekoe Pte Ltd in Singapore after finishing my PhD in Human Centered AI. ', ARRAY["Architecting AI Products", "Product Development", "Human-Centered Design", "Machine Learning ", "Computer Vision", "Python"]::text[], 'admin', 'mentor', '2025-08-05T16:26:43.225+00:00', 'Pekoe (TeaAI)', 'male', 'Artificial Intelligence & Product Development', '', '') ON CONFLICT DO NOTHING;
INSERT INTO "users" ("id", "name", "email", "image", "bio", "skills", "role", "userRole", "createdAt", "affiliation", "gender", "expertise", "video", "user_links") VALUES ('d9743655-83b3-4bf4-80e5-a275b5b8f354', 'Jayathunga Arachchige Kasun Surindu  Chathuranga', 'kasunsurindu.cj@gmail.com', 'https://plfsm7exhtuj3efj.public.blob.vercel-storage.com/c45b9c7d-17b9-482f-9e31-fd5d3bf8c184.jpeg', 'Civil Engineer Graduated from University Moratuwa. 
', '{}', 'admin', 'mentor', '2025-08-07T20:32:54.838+00:00', 'ACE Solutions', '', 'Civil Engineering', NULL, NULL) ON CONFLICT DO NOTHING;
INSERT INTO "users" ("id", "name", "email", "image", "bio", "skills", "role", "userRole", "createdAt", "affiliation", "gender", "expertise", "video", "user_links") VALUES ('c59c8366-aa72-45f0-ada7-f47ced89ebbe', 'Alfer', 'ammralfer@gmail.com', 'https://plfsm7exhtuj3efj.public.blob.vercel-storage.com/f4ced7f1-089c-435e-8641-08f703748043.jpeg', 'Computer science graduate working as software engineer intern with comprehensive full-stack development experience', ARRAY["{\"name\":\"Full-Stack Development\",\"level\":4}", "{\"name\":\"JavaScript\",\"level\":4}", "{\"name\":\"React\",\"level\":4}"]::text[], 'user', 'participant', '2025-08-05T10:31:23.042+00:00', 'University of Jaffna', 'male', 'Full-Stack Development', 'https://drive.google.com/file/d/1ymXlb1dc8qicF9UmbjdZS8cokbWlEqHT/view?usp=sharing', '') ON CONFLICT DO NOTHING;
INSERT INTO "users" ("id", "name", "email", "image", "bio", "skills", "role", "userRole", "createdAt", "affiliation", "gender", "expertise", "video", "user_links") VALUES ('66142916-9652-4dc7-8e1b-8af01ef57201', 'Lahiru Praveen', 'lahirupraveen43@gmail.com', 'https://plfsm7exhtuj3efj.public.blob.vercel-storage.com/65c9ac77-92a8-4cca-9578-21941b038670.jpeg', 'AI degree student interning at Sysco LABS with PhD aspirations to bridge AI research with real-world applications', ARRAY["{\"name\":\"Artificial Intelligence\",\"level\":3}", "{\"name\":\"Machine Learning\",\"level\":3}", "{\"name\":\"Research\",\"level\":3}"]::text[], 'user', 'participant', '2025-08-05T10:31:23.106+00:00', 'University of Moratuwa', 'male', 'AI Research and Development', 'https://drive.google.com/file/d/1XUFO7P0RB02AbKQtVdcZUBmB0HgtVJVQ/view?usp=sharing', '') ON CONFLICT DO NOTHING;
INSERT INTO "users" ("id", "name", "email", "image", "bio", "skills", "role", "userRole", "createdAt", "affiliation", "gender", "expertise", "video", "user_links") VALUES ('4949b8d4-d702-4669-8adb-3dc1d84e621a', 'Yasas Gunaratne', 'yasas@hash33.lk', 'https://plfsm7exhtuj3efj.public.blob.vercel-storage.com/710a3dc1-c47f-4b05-82b1-95d1dad9e8fb.png', 'AI Enthusiast | Business Acceleration Consultant | Founder | TedX Speaker | Mentalist | Ex-TV Presenter | Ex-Toyota | Ex-IFS -> Consulting for high-growth businesses & business leaders. Connect with me, as I have something to share...', '{}', 'user', 'mentor', '2025-08-09T06:21:40.693+00:00', 'HasH 3 Three', 'male', 'Digital Transformation, Startup, AI, Sales, Marketing, Negotiation,  GTM Expert, Process, Consultant, Toyota Way', NULL, NULL) ON CONFLICT DO NOTHING;
INSERT INTO "users" ("id", "name", "email", "image", "bio", "skills", "role", "userRole", "createdAt", "affiliation", "gender", "expertise", "video", "user_links") VALUES ('f9d26d2b-7a25-4242-be43-e8d264b9ab37', 'Jaliya Nimantha', 'jaliyanimantha070@gmail.com', 'https://plfsm7exhtuj3efj.public.blob.vercel-storage.com/b8252ded-0b65-46cf-afd1-51a0ded76b3d.jpeg', 'A final-year undergraduate student in Electronic and Telecommunication Engineering at the University of Moratuwa, with a strong passion for innovation at the intersection of technology and real-world impact. Driven by curiosity and a commitment to meaningful problem-solving, has contributed to a range of projects centered around intelligent systems and assistive technologies.

Experienced in working across academic, research, and applied settings including an internship at the Augmented Human Lab at the National University of Singapore—bringing a balance of technical depth and creative thinking. Actively exploring how emerging technologies can be made accessible, efficient, and human-centered.', ARRAY["{\"name\":\"Python\",\"level\":4}", "{\"name\":\"PyTorch\",\"level\":4}", "{\"name\":\"TensorFlow\",\"level\":4}", "{\"name\":\"OpenCV\",\"level\":4}", "{\"name\":\"Hugging Face\",\"level\":4}", "{\"name\":\"C++\",\"level\":3}", "{\"name\":\"Kotlin\",\"level\":3}"]::text[], 'admin', 'mentor', '2025-08-06T10:09:35.994+00:00', 'University of Moratuwa', 'male', 'Deep learning, machine learning, multimodal AI, computer vision, biomedical signal processing, edge AI, real-time inference, model optimization, model quantization, model fine-tuning, Signal Processing', '', '') ON CONFLICT DO NOTHING;
INSERT INTO "users" ("id", "name", "email", "image", "bio", "skills", "role", "userRole", "createdAt", "affiliation", "gender", "expertise", "video", "user_links") VALUES ('302c6614-97aa-4254-8c6a-e8ecadc9170f', 'Chalinda Abeykoon', 'chalinda.abeykoon@gmail.com', 'https://plfsm7exhtuj3efj.public.blob.vercel-storage.com/9bdf27ab-7056-4231-984d-650a629b24c1.png', 'Chalinda is the Managing Partner for nVentures, an early-stage VC fund focusing on fintech startups. He has been working with startups for almost 15 years, leading investments into over 50 startups across South & Southeast Asia.  He''s responsible for identifying startups and supporting founders within the nVentures portfolio with their growth.  Chalinda received the prestigious Chevening Fellowship from the University of Oxford and an Australian Award for Business Incubation Management from the University of Queensland, Australia. ', ARRAY["Pitch Deck"]::text[], 'admin', 'mentor', '2025-08-08T11:26:42.682+00:00', 'nVentures', 'male', 'Fundraising', NULL, NULL) ON CONFLICT DO NOTHING;
INSERT INTO "users" ("id", "name", "email", "image", "bio", "skills", "role", "userRole", "createdAt", "affiliation", "gender", "expertise", "video", "user_links") VALUES ('e87f88f0-a349-46cc-b6df-096797651f27', 'Vanessa Tang', 'vanessa@aisee.ai', 'https://plfsm7exhtuj3efj.public.blob.vercel-storage.com/ad27033a-c1d6-480c-aef1-176a258e2b08.jpeg', 'Co-founder at AiSee', ARRAY["UX", "Strategy", "Business", "Product Management"]::text[], 'admin', 'mentor', '2025-08-06T00:37:48.582+00:00', 'AiSee ', 'female', 'Commercialisation & Product Management ', '', '') ON CONFLICT DO NOTHING;
INSERT INTO "users" ("id", "name", "email", "image", "bio", "skills", "role", "userRole", "createdAt", "affiliation", "gender", "expertise", "video", "user_links") VALUES ('4a38bd3d-8a91-46a3-8c72-08d875efd990', 'Lakshitha Eranga', 'lakshithe@yahoo.com', 'https://plfsm7exhtuj3efj.public.blob.vercel-storage.com/a72152fb-df8c-45d9-bd4d-a35c8c44a129.jpeg', 'Entrepreneur running a startup focused on web-based solutions and exploring AI service integrations', ARRAY["{\"name\":\"Web Development\",\"level\":2}", "{\"name\":\"JavaScript\",\"level\":4}", "{\"name\":\"React\",\"level\":4}", "{\"name\":\"Machine learning\",\"level\":4}", "{\"name\":\"Deep Learning\",\"level\":4}", "{\"name\":\"DevOps\",\"level\":3}", "{\"name\":\"AI integration\",\"level\":4}"]::text[], 'user', 'participant', '2025-08-05T10:31:21.612+00:00', 'University of Peradeniya', 'male', 'Backend development and AI services, Ops', 'https://drive.google.com/file/d/1ZQGyad0myFsE7yjBCPZhW4yH1iCys6Ep/view?usp=sharing', '') ON CONFLICT DO NOTHING;
INSERT INTO "users" ("id", "name", "email", "image", "bio", "skills", "role", "userRole", "createdAt", "affiliation", "gender", "expertise", "video", "user_links") VALUES ('ee91895f-1f84-49ec-a612-055e54708ce5', 'Suranga Nanayakkara', 'suranga@ahlab.org', 'https://plfsm7exhtuj3efj.public.blob.vercel-storage.com/9485ee2f-f9b3-4322-a4ee-926867c46e77.jpeg', 'Suranga Nanayakkara is an Associate Professor at the Department of Computer Science at the National University of Singapore (NUS). Before NUS, Suranga was an Associate Professor at the University of Auckland, appointed by invitation under the Strategic Entrepreneurial Universities scheme. 

Since 2011, Suranga has been leading the “Augmented Human Lab” to explore ways of designing intelligent human-computer interfaces that extend the limits of our perceptual and cognitive capabilities.

Suranga is a Senior Member of ACM and has been involved in a number of roles, including General Chair of the Augmented Human Conference in 2015 and serving on many review and program committees including SIGCHI, TEI, and UIST.

He has won many awards including Young Inventor Under 35 (TR35 award) in the Asia Pacific region by MIT Tech Review, Outstanding Young Persons of Sri Lanka (TOYP), INK Fellowship 2016, and the Research Excellence Medal by the University of Auckland in 2020.', ARRAY["Study Design", "Interaction Design", "UX", "Human Centred Design Principles"]::text[], 'admin', 'mentor', '2025-08-05T12:47:35.536+00:00', 'National University of Singapore', 'male', 'Human Computer Interaction, Assistive Augmentation, Human Centred AI', 'https://www.youtube.com/watch?v=JuvkCePZ6e8', '[{"label":"Book","url":"https://intimidated.info/"}]') ON CONFLICT DO NOTHING;
INSERT INTO "users" ("id", "name", "email", "image", "bio", "skills", "role", "userRole", "createdAt", "affiliation", "gender", "expertise", "video", "user_links") VALUES ('8e7d59d9-84b3-452a-99da-5fa36eedbf2f', 'Melani Jayasuriya', 'melani.jayasuriya@gmail.com', 'https://plfsm7exhtuj3efj.public.blob.vercel-storage.com/279b92de-4749-4821-980b-cec7f3dfee3f.jpeg', 'Melani Jayasuriya is a business professional with a strong background in human resources and talent acquisition. She has worked for several multinational companies, including Standard Chartered Bank and HSBC. Jayasuriya holds a Master of Business Administration from the University of Colombo and is a certified HR professional. She has extensive experience in talent management, employee relations, and organizational development.', ARRAY["Data Science", "Data Analytics"]::text[], 'user', 'mentor', '2025-08-09T02:35:19.425+00:00', 'Meta', 'female', 'Data Science and Data Analytics', NULL, NULL) ON CONFLICT DO NOTHING;
INSERT INTO "users" ("id", "name", "email", "image", "bio", "skills", "role", "userRole", "createdAt", "affiliation", "gender", "expertise", "video", "user_links") VALUES ('d7582ce6-983a-44b4-8e37-b9a25dc5e511', 'K P Yeo', 'kpyeo@aisee.ai', 'https://plfsm7exhtuj3efj.public.blob.vercel-storage.com/1d8d5373-e617-4ffa-9190-bd6d4c7cea9e.jpeg', 'I dabble with hardware and bring them to market.', ARRAY["C", "C++", "Python", "Circuit Design", "Cad"]::text[], 'admin', 'mentor', '2025-08-06T05:15:44.447+00:00', 'AiSee', 'male', 'Hardware, Embedded Systems, Design for Manufacturing, Entrepreneurship ', '', '') ON CONFLICT DO NOTHING;
INSERT INTO "users" ("id", "name", "email", "image", "bio", "skills", "role", "userRole", "createdAt", "affiliation", "gender", "expertise", "video", "user_links") VALUES ('8c1bae8d-a95d-4ce5-8bac-67523783af7f', 'Hanjun Wu ', 'michellewu995@gmail.com', 'https://plfsm7exhtuj3efj.public.blob.vercel-storage.com/7b38c3fa-f316-4d21-928f-db798fc30fdf.jpeg', 'Hi, my name is Hanjun. ', ARRAY["Content writing", "adobe software", "figma"]::text[], 'user', 'mentor', '2025-08-06T10:22:36.549+00:00', 'National University of Singapore', 'female', 'UX design, creative design, creative writing, problem-solving, entrepreneurship ', NULL, NULL) ON CONFLICT DO NOTHING;
INSERT INTO "users" ("id", "name", "email", "image", "bio", "skills", "role", "userRole", "createdAt", "affiliation", "gender", "expertise", "video", "user_links") VALUES ('c654ea16-3722-4b01-a96d-bc2c1f5cef75', 'Ovindu Atukorala', 'ovindu.atukorala@gmail.com', 'https://drive.google.com/file/d/1iX8OCcYzYiwNKh9V8xR6XUCdRI_YnAe8/view?usp=sharing', 'GenAI intern creating agentic workers with experience in finance and startup pitching for innovative AI solutions', ARRAY["Generative AI", "Agentic Systems", "Machine Learning"]::text[], 'user', 'participant', '2025-08-05T10:31:22.373+00:00', 'University of Moratuwa', 'male', 'Generative AI and Agentic Systems', 'https://drive.google.com/file/d/1QmiWvHg-mmDLRpKOZ43fZgemHH2GFsE1/view?usp=sharing', NULL) ON CONFLICT DO NOTHING;
INSERT INTO "users" ("id", "name", "email", "image", "bio", "skills", "role", "userRole", "createdAt", "affiliation", "gender", "expertise", "video", "user_links") VALUES ('340b7752-6a00-4da6-a8a6-0996ac0e5b84', 'Hussel Suriyaarachchi', 'hussel@aisee.ai', 'https://plfsm7exhtuj3efj.public.blob.vercel-storage.com/31b04a51-24c4-4323-8dde-a7fc6b57e1c1.jpeg', 'Software Lead at AiSee, where we are creating the world''s first conversational AI assistant designed for and with people who are blind or visually impaired.', ARRAY["{\"name\":\"Android\",\"level\":4}", "{\"name\":\"Python\",\"level\":4}", "{\"name\":\"TypeScript/JavaScript\",\"level\":4}", "{\"name\":\"Langgraph (AI Agents)\",\"level\":4}", "{\"name\":\"On-device AI\",\"level\":2}", "{\"name\":\"Google Cloud\",\"level\":4}"]::text[], 'admin', 'mentor', '2025-08-07T06:45:33.587+00:00', 'AiSee', 'male', 'Wearable Computing; Mobile and Web Development; ', '', '[{"label":"AiSee Slides","url":"https://docs.google.com/presentation/d/1nappG5kcR1RCD3ksAUc3nGxj58a2ivugY_n4FzBJ--U/edit?usp=sharing"}]') ON CONFLICT DO NOTHING;
INSERT INTO "users" ("id", "name", "email", "image", "bio", "skills", "role", "userRole", "createdAt", "affiliation", "gender", "expertise", "video", "user_links") VALUES ('b2f0c2a3-33ff-4900-b5e3-44e5cd5207ad', 'Nipun Sadeepa Weerasinghe', 'nipunsw1999@gmail.com', 'https://plfsm7exhtuj3efj.public.blob.vercel-storage.com/e8c3d690-1ed2-49df-b40c-50e54dcfc87f.jpeg', 'Software Engineer @H2O.ai', ARRAY["{\"name\":\"Machine Learning\",\"level\":4}", "{\"name\":\"Agriculture Technology\",\"level\":2}", "{\"name\":\"Python\",\"level\":5}", "{\"name\":\"AI\",\"level\":4}", "{\"name\":\"Quantum computing\",\"level\":3}"]::text[], 'user', 'participant', '2025-08-05T10:31:22.026+00:00', 'University of Jaffna', 'male', 'Machine learning and AI', 'https://drive.google.com/file/d/1UYyBEh2KET4ka481xbAYMzW7anNOQu6Z/view?usp=sharing', '') ON CONFLICT DO NOTHING;
INSERT INTO "users" ("id", "name", "email", "image", "bio", "skills", "role", "userRole", "createdAt", "affiliation", "gender", "expertise", "video", "user_links") VALUES ('ebe91750-90f2-4e72-8102-58e6a3ab4209', 'Moritz Messerschmidt', 'mome@nus.edu.sg', '/uploads/mo.jpeg', 'Research Fellow at NUS specializing in Haptics & ML', ARRAY["Haptics", "Machine Learning", "Robotics"]::text[], 'admin', 'mentor', '2025-08-06T05:35:27.947+00:00', 'National University of Singapore', 'male', 'Haptics', NULL, NULL) ON CONFLICT DO NOTHING;

-- teams: 6 row(s)

INSERT INTO "teams" ("id", "name", "description", "coverImage", "creatorId", "isPublic", "members", "createdAt", "updatedAt") VALUES ('e8fe8852-9381-4048-a05c-4c26b20c61b6', 'LostToFound(ADHD)', 'How might we provide accessible assistance for adults who are 18+ and diagnosed with ADHD so that they can self manage and achieve an efficient lifestyle?', 'https://plfsm7exhtuj3efj.public.blob.vercel-storage.com/cfd70ae1-6b01-4b57-9836-dddd6c3a1852.jpeg', '8c5951c9-0900-4061-b272-87ab92a2d5d1', TRUE, ARRAY["{\"id\":\"210fad73-241b-4d46-8faf-440ceddc50c8\",\"userId\":\"210fad73-241b-4d46-8faf-440ceddc50c8\",\"name\":\"T.N Sasindi Peiris\",\"userName\":\"T.N Sasindi Peiris\",\"email\":\"sasindipeiris2@gmail.com\",\"image\":\"https://drive.google.com/file/d/1goDiTHJrXYdVoFYnqpQvcjJ4jvBeR6jU/view?usp=sharing\",\"role\":\"member\",\"joinedAt\":\"2025-08-05T10:56:31.833Z\"}", "{\"id\":\"39084a1a-2022-4629-a38c-97318cc57160\",\"userId\":\"39084a1a-2022-4629-a38c-97318cc57160\",\"name\":\"Subhavi\",\"userName\":\"Subhavi\",\"email\":\"subhaviperera21@gmail.com\",\"image\":\"https://drive.google.com/file/d/1nfCzD3Q-9pbPjfKBHHi89gcEhzMKNoXl/view?usp=sharing\",\"role\":\"member\",\"joinedAt\":\"2025-08-05T10:56:42.864Z\"}", "{\"id\":\"c59c8366-aa72-45f0-ada7-f47ced89ebbe\",\"userId\":\"c59c8366-aa72-45f0-ada7-f47ced89ebbe\",\"name\":\"Alfer\",\"userName\":\"Alfer\",\"email\":\"ammralfer@gmail.com\",\"image\":\"https://drive.google.com/file/d/1IG5vr9xfTXBcXqloSAbV5eTkfrVL0FkO/view?usp=sharing\",\"role\":\"member\",\"joinedAt\":\"2025-08-05T10:56:49.496Z\"}", "{\"id\":\"66142916-9652-4dc7-8e1b-8af01ef57201\",\"userId\":\"66142916-9652-4dc7-8e1b-8af01ef57201\",\"name\":\"Lahiru Praveen\",\"userName\":\"Lahiru Praveen\",\"email\":\"lahirupraveen43@gmail.com\",\"image\":\"https://drive.google.com/file/d/1-pnuvBmW89M2Y6OTt38f5j6_WcTzZCXC/view?usp=sharing\",\"role\":\"member\",\"joinedAt\":\"2025-08-05T10:56:58.275Z\"}", "{\"id\":\"e06731d6-2707-4d1e-b69a-5b64ad6d876e\",\"userId\":\"e06731d6-2707-4d1e-b69a-5b64ad6d876e\",\"name\":\"Sachintha Nimesh S\",\"userName\":\"Sachintha Nimesh S\",\"email\":\"sanisenevirathna@gmail.com\",\"image\":\"https://drive.google.com/file/d/1SLRNp7bqeQOn0NWEV0h7JCIIcoyobkpJ/view?usp=sharing\",\"role\":\"member\",\"joinedAt\":\"2025-08-05T10:57:10.143Z\"}", "{\"id\":\"302c6614-97aa-4254-8c6a-e8ecadc9170f\",\"userId\":\"302c6614-97aa-4254-8c6a-e8ecadc9170f\",\"name\":\"Chalinda Abeykoon\",\"userName\":\"Chalinda Abeykoon\",\"email\":\"chalinda.abeykoon@gmail.com\",\"image\":\"https://plfsm7exhtuj3efj.public.blob.vercel-storage.com/9bdf27ab-7056-4231-984d-650a629b24c1.png\",\"role\":\"mentor\",\"joinedAt\":\"2025-08-09T05:23:10.501Z\"}", "{\"id\":\"8e7d59d9-84b3-452a-99da-5fa36eedbf2f\",\"userId\":\"8e7d59d9-84b3-452a-99da-5fa36eedbf2f\",\"name\":\"Melani Jayasuriya\",\"userName\":\"Melani Jayasuriya\",\"email\":\"melani.jayasuriya@gmail.com\",\"image\":\"https://plfsm7exhtuj3efj.public.blob.vercel-storage.com/279b92de-4749-4821-980b-cec7f3dfee3f.jpeg\",\"role\":\"mentor\",\"joinedAt\":\"2025-08-09T05:23:24.572Z\",\"addedBy\":\"8c5951c9-0900-4061-b272-87ab92a2d5d1\"}"]::text[], '2025-08-05T10:56:21.255149+00:00', '2025-08-12T08:40:02.951+00:00') ON CONFLICT DO NOTHING;
INSERT INTO "teams" ("id", "name", "description", "coverImage", "creatorId", "isPublic", "members", "createdAt", "updatedAt") VALUES ('921bd9e9-11e4-494c-b121-0f363eb0ddb6', 'ProductiFy', 'How might we get work from home people to go out for breaks without impacting their productivity?', 'https://plfsm7exhtuj3efj.public.blob.vercel-storage.com/abfcde23-c623-4a08-ba07-e3e3d9b7acc2.jpeg', '8c5951c9-0900-4061-b272-87ab92a2d5d1', TRUE, ARRAY["{\"id\":\"710aaee4-7869-415f-a954-ba318961e01e\",\"userId\":\"710aaee4-7869-415f-a954-ba318961e01e\",\"name\":\"W C K Jayaweera\",\"userName\":\"W C K Jayaweera\",\"email\":\"charunikosala9723@gmail.com\",\"image\":\"https://drive.google.com/file/d/10LuwsaPdmnPKSMTsEpkFYYyZKas1mGVr/view?usp=sharing\",\"role\":\"member\",\"joinedAt\":\"2025-08-05T10:51:59.890Z\"}", "{\"id\":\"44b2afbc-2e8b-4fed-a551-012ec5140c34\",\"userId\":\"44b2afbc-2e8b-4fed-a551-012ec5140c34\",\"name\":\"Sanjani Wickramasinghe\",\"userName\":\"Sanjani Wickramasinghe\",\"email\":\"sanjaniwickramasinghe@gmail.com\",\"image\":\"https://drive.google.com/file/d/1OnAtLCqbwP9LDPSvJEDQwKKjQrFwngp2/view?usp=sharing\",\"role\":\"member\",\"joinedAt\":\"2025-08-05T10:52:14.245Z\"}", "{\"id\":\"df405df0-123a-4844-844e-d3dcc5fa7026\",\"userId\":\"df405df0-123a-4844-844e-d3dcc5fa7026\",\"name\":\"Manith Marapperuma\",\"userName\":\"Manith Marapperuma\",\"email\":\"manith.j.2002@gmail.com\",\"image\":\"https://drive.google.com/file/d/10DQRgc7FjmcGG49hbDV4F-zFQdxeVg-_/view?usp=sharing\",\"role\":\"member\",\"joinedAt\":\"2025-08-05T10:53:03.165Z\"}", "{\"id\":\"b2f0c2a3-33ff-4900-b5e3-44e5cd5207ad\",\"userId\":\"b2f0c2a3-33ff-4900-b5e3-44e5cd5207ad\",\"name\":\"Nipun Sadeepa W\",\"userName\":\"Nipun Sadeepa W\",\"email\":\"nipunsw1999@gmail.com\",\"image\":\"https://drive.google.com/file/d/1uJqLqD3napWN-wwlOfLZRw6qkIe4Tp4i/view?usp=sharing\",\"role\":\"member\",\"joinedAt\":\"2025-08-05T10:53:13.061Z\"}", "{\"id\":\"9b594a31-cb83-49b5-855a-cea31d359e92\",\"userId\":\"9b594a31-cb83-49b5-855a-cea31d359e92\",\"name\":\"Shaveen Herath\",\"userName\":\"Shaveen Herath\",\"email\":\"herathshaveen@gmail.com\",\"image\":\"https://drive.google.com/file/d/1U69pMPcqo763GPJOKCLcwzUwCnoPn1rQ/view?usp=sharing\",\"role\":\"member\",\"joinedAt\":\"2025-08-05T10:53:23.110Z\",\"addedBy\":\"8c5951c9-0900-4061-b272-87ab92a2d5d1\"}", "{\"userId\":\"ebe91750-90f2-4e72-8102-58e6a3ab4209\",\"userName\":\"Moritz Messerschmidt\",\"role\":\"mentor\",\"joinedAt\":\"2025-08-06T05:36:23.371Z\"}", "{\"userId\":\"d7582ce6-983a-44b4-8e37-b9a25dc5e511\",\"userName\":\"K P Yeo\",\"role\":\"mentor\",\"joinedAt\":\"2025-08-09T04:07:58.656Z\"}", "{\"userId\":\"4949b8d4-d702-4669-8adb-3dc1d84e621a\",\"userName\":\"Yasas Gunaratne\",\"role\":\"mentor\",\"joinedAt\":\"2025-08-09T06:24:02.650Z\"}", "{\"userId\":\"e7565bfd-48a0-428a-9c52-737dfcafadf1\",\"userName\":\"Nirasha Nelki\",\"role\":\"member\",\"joinedAt\":\"2025-08-10T01:48:56.752Z\"}"]::text[], '2025-08-05T10:45:52.725257+00:00', '2025-08-12T08:38:08.643+00:00') ON CONFLICT DO NOTHING;
INSERT INTO "teams" ("id", "name", "description", "coverImage", "creatorId", "isPublic", "members", "createdAt", "updatedAt") VALUES ('c156cc88-9a8b-4a4e-b61a-c799df683140', 'DonkeyWatch', 'How might we encourage Sri Lankan drivers to abide by traffic laws and reduce the most common vehicle accidents related to reckless driving?

https://donkeydriver.netlify.app/', 'https://plfsm7exhtuj3efj.public.blob.vercel-storage.com/18644e18-d684-4768-90e6-c699a00caa27.jpeg', '8c5951c9-0900-4061-b272-87ab92a2d5d1', TRUE, ARRAY["{\"id\":\"e7565bfd-48a0-428a-9c52-737dfcafadf1\",\"userId\":\"e7565bfd-48a0-428a-9c52-737dfcafadf1\",\"name\":\"Nirasha Nelki\",\"userName\":\"Nirasha Nelki\",\"email\":\"nirashanelki@gmail.com\",\"image\":\"https://drive.google.com/file/d/1iWQkthxHNLfiCkiyQK2Ssol_xCNqlzRM/view?usp=sharing\",\"role\":\"member\",\"joinedAt\":\"2025-08-05T10:53:35.210Z\"}", "{\"id\":\"3991781e-a639-44df-abba-13966539d9b6\",\"userId\":\"3991781e-a639-44df-abba-13966539d9b6\",\"name\":\"Shaveen Silva\",\"userName\":\"Shaveen Silva\",\"email\":\"kshaveensilva2021@gmail.com\",\"image\":\"https://drive.google.com/file/d/1XVyjTQxWBBK2j2lm_bEBXwUlZfgQrXza/view?usp=sharing\",\"role\":\"member\",\"joinedAt\":\"2025-08-05T10:54:07.148Z\"}", "{\"id\":\"8bde6bdd-79ba-421c-98da-b625a4453783\",\"userId\":\"8bde6bdd-79ba-421c-98da-b625a4453783\",\"name\":\"K. D. Sunera S\",\"userName\":\"K. D. Sunera S\",\"email\":\"sunerasandaruwan1@gmail.com\",\"image\":\"https://drive.google.com/file/d/1tqMF8fy5C_x36Z1jn-TS0BLH6niUZGEK/view?usp=sharing\",\"role\":\"member\",\"joinedAt\":\"2025-08-05T10:54:14.551Z\"}", "{\"id\":\"c654ea16-3722-4b01-a96d-bc2c1f5cef75\",\"userId\":\"c654ea16-3722-4b01-a96d-bc2c1f5cef75\",\"name\":\"Ovindu Atukorala\",\"userName\":\"Ovindu Atukorala\",\"email\":\"ovindu.atukorala@gmail.com\",\"image\":\"https://drive.google.com/file/d/1iX8OCcYzYiwNKh9V8xR6XUCdRI_YnAe8/view?usp=sharing\",\"role\":\"member\",\"joinedAt\":\"2025-08-05T10:54:21.786Z\"}", "{\"id\":\"31f4210c-769f-4f41-bd40-815c89a66e84\",\"userId\":\"31f4210c-769f-4f41-bd40-815c89a66e84\",\"name\":\"H.K. Dilki Sewwandi\",\"userName\":\"H.K. Dilki Sewwandi\",\"email\":\"dsewwandi2001@gmail.com\",\"image\":\"https://drive.google.com/file/d/1X-XNEyxJFjOGJytubh5o8mpa-YjoXZJE/view?usp=sharing\",\"role\":\"member\",\"joinedAt\":\"2025-08-05T10:54:28.612Z\"}", "{\"id\":\"e49f792a-268b-433e-8521-f8d69fe588ce\",\"userId\":\"e49f792a-268b-433e-8521-f8d69fe588ce\",\"name\":\"Tharindu Kaluarachchi\",\"userName\":\"Tharindu Kaluarachchi\",\"role\":\"mentor\",\"joinedAt\":\"2025-08-05T16:29:35.300Z\"}", "{\"id\":\"8c1bae8d-a95d-4ce5-8bac-67523783af7f\",\"userId\":\"8c1bae8d-a95d-4ce5-8bac-67523783af7f\",\"name\":\"Hanjun Wu \",\"userName\":\"Hanjun Wu \",\"email\":\"michellewu995@gmail.com\",\"image\":\"https://plfsm7exhtuj3efj.public.blob.vercel-storage.com/7b38c3fa-f316-4d21-928f-db798fc30fdf.jpeg\",\"role\":\"mentor\",\"joinedAt\":\"2025-08-07T07:03:29.575Z\",\"addedBy\":\"8c5951c9-0900-4061-b272-87ab92a2d5d1\"}", "{\"userId\":\"4a38bd3d-8a91-46a3-8c72-08d875efd990\",\"userName\":\"Lakshitha Eranga\",\"role\":\"member\",\"joinedAt\":\"2025-08-09T04:08:08.520Z\"}", "{\"userId\":\"06040f34-eec8-4405-af50-1cc1b7c896d1\",\"userName\":\"Ransadi de Alwis\",\"role\":\"member\",\"joinedAt\":\"2025-08-09T04:15:16.986Z\"}"]::text[], '2025-08-05T10:46:46.058113+00:00', '2025-08-12T08:33:44.326+00:00') ON CONFLICT DO NOTHING;
INSERT INTO "teams" ("id", "name", "description", "coverImage", "creatorId", "isPublic", "members", "createdAt", "updatedAt") VALUES ('23f431d4-08c6-44ff-bad2-c6e4ef39dcf1', 'VR for stage performance', 'We are solving the issue of people struggling in daily life without access to domain experts/knowledge resulting in delays, higher costs and rediced problem solving efficiency.', 'https://plfsm7exhtuj3efj.public.blob.vercel-storage.com/2661823f-8cdf-4781-80d6-480c0e73fbf3.jpeg', '8c5951c9-0900-4061-b272-87ab92a2d5d1', TRUE, ARRAY["{\"id\":\"8c5951c9-0900-4061-b272-87ab92a2d5d1\",\"userId\":\"8c5951c9-0900-4061-b272-87ab92a2d5d1\",\"name\":\"Prasanth Sasikumar\",\"userName\":\"Prasanth Sasikumar\",\"role\":\"member\",\"joinedAt\":\"2025-08-05T06:39:28.149Z\"}", "{\"id\":\"17fff363-4297-40ce-86ad-61631798d31b\",\"userId\":\"17fff363-4297-40ce-86ad-61631798d31b\",\"name\":\"Lasindu Ranasinghe\",\"userName\":\"Lasindu Ranasinghe\",\"email\":\"39-bse-0005@kdu.ac.lk\",\"image\":\"https://drive.google.com/file/d/1PNtGGr7wG4w8LZ2-ubWXfhNYCT4JCrWc/view?usp=sharing\",\"role\":\"member\",\"joinedAt\":\"2025-08-05T10:49:46.374Z\"}", "{\"id\":\"769b5ebf-37ec-4a30-952d-4e997b3d3b9f\",\"userId\":\"769b5ebf-37ec-4a30-952d-4e997b3d3b9f\",\"name\":\"Pasindhu Weerathunga\",\"userName\":\"Pasindhu Weerathunga\",\"email\":\"pasindhuweerathunga@gmail.com\",\"image\":\"https://drive.google.com/file/d/16lMMb5NP3FvgUJdPHQJMTk49WL9rBs1E/view?usp=sharing\",\"role\":\"member\",\"joinedAt\":\"2025-08-05T10:50:12.259Z\"}", "{\"id\":\"0a875cf1-1755-46be-8a0d-78f56e80b74a\",\"userId\":\"0a875cf1-1755-46be-8a0d-78f56e80b74a\",\"name\":\"Lasitha Amarasinghe\",\"userName\":\"Lasitha Amarasinghe\",\"email\":\"amarasinghelra@gmail.com\",\"image\":\"https://drive.google.com/file/d/1cVEy5WKQEslmThNTDayyzoK34WX36qaC/view?usp=sharing\",\"role\":\"member\",\"joinedAt\":\"2025-08-05T10:50:20.477Z\"}", "{\"id\":\"b33b1a4f-36d0-4ea1-b36d-d30abb66314d\",\"userId\":\"b33b1a4f-36d0-4ea1-b36d-d30abb66314d\",\"name\":\"Samudi Perera\",\"userName\":\"Samudi Perera\",\"email\":\"samudiperera125@gmail.com\",\"image\":\"https://drive.google.com/file/d/11g7yqYFudO1jcBYlUvCKxUOT0wN-6bUg/view?usp=sharing\",\"role\":\"member\",\"joinedAt\":\"2025-08-05T10:50:29.153Z\"}", "{\"id\":\"08f96e58-9c59-4691-9c69-c5c659a717fb\",\"userId\":\"08f96e58-9c59-4691-9c69-c5c659a717fb\",\"name\":\"Sahan Abeyrathna\",\"userName\":\"Sahan Abeyrathna\",\"email\":\"sahanminidu2001@gmail.com\",\"image\":\"https://drive.google.com/file/d/1gkkZMy2ndu8HFTM3w9Gr3JTGw3-QomBM/view?usp=sharing\",\"role\":\"member\",\"joinedAt\":\"2025-08-05T10:50:37.998Z\"}", "{\"id\":\"72da9505-3ac6-42f4-aac7-f5d53a717307\",\"userId\":\"72da9505-3ac6-42f4-aac7-f5d53a717307\",\"name\":\"Ryo Hajika\",\"userName\":\"Ryo Hajika\",\"email\":\"r.hajika@massey.ac.nz\",\"image\":\"https://plfsm7exhtuj3efj.public.blob.vercel-storage.com/296ccf62-003e-4fb1-ba71-a17597fe3177.jpeg\",\"role\":\"mentor\",\"joinedAt\":\"2025-08-05T10:58:47.778Z\",\"addedBy\":\"8c5951c9-0900-4061-b272-87ab92a2d5d1\"}"]::text[], '2025-08-05T06:39:30.135811+00:00', '2025-08-12T08:40:41.253+00:00') ON CONFLICT DO NOTHING;
INSERT INTO "teams" ("id", "name", "description", "coverImage", "creatorId", "isPublic", "members", "createdAt", "updatedAt") VALUES ('5117d961-31e1-4f45-9fdf-9444d62602a9', 'Algebraille', 'How might we empower secondary school blind students to independently understand algebraic expressions, fostering greater active participation in the classroom?', 'https://plfsm7exhtuj3efj.public.blob.vercel-storage.com/472c8852-1dba-4bcc-a48d-771d4a774ca6.jpeg', '8c5951c9-0900-4061-b272-87ab92a2d5d1', TRUE, ARRAY["{\"id\":\"aced8f8b-7632-4779-8f87-f4bafa0299ee\",\"userId\":\"aced8f8b-7632-4779-8f87-f4bafa0299ee\",\"name\":\"Julian Silva\",\"userName\":\"Julian Silva\",\"email\":\"silva.ljjp@gmail.com\",\"image\":\"https://drive.google.com/file/d/10GhW5P0Jy0qx6ox7F6yiO8PDXbCrV9oN/view?usp=sharing\",\"role\":\"member\",\"joinedAt\":\"2025-08-05T10:50:46.531Z\"}", "{\"id\":\"da5f272f-1fb8-4ab4-8e86-3cead3ca5d95\",\"userId\":\"da5f272f-1fb8-4ab4-8e86-3cead3ca5d95\",\"name\":\"Charuka Bandara\",\"userName\":\"Charuka Bandara\",\"email\":\"nishalakb@gmail.com\",\"image\":\"https://drive.google.com/file/d/1HqKVvP_GBUrfBeE-SOpY5wt_VLhnOhgA/view?usp=sharing\",\"role\":\"member\",\"joinedAt\":\"2025-08-05T10:51:15.037Z\"}", "{\"id\":\"4a38bd3d-8a91-46a3-8c72-08d875efd990\",\"userId\":\"4a38bd3d-8a91-46a3-8c72-08d875efd990\",\"name\":\"Lakshitha Eranga\",\"userName\":\"Lakshitha Eranga\",\"email\":\"lakshithe@yahoo.com\",\"image\":\"https://drive.google.com/file/d/1CSekResuWwKrt2FDUVU5_2RGutGpL7li/view?usp=sharing\",\"role\":\"member\",\"joinedAt\":\"2025-08-05T10:51:32.393Z\"}", "{\"id\":\"164e9b10-b35e-4f42-8ae6-298f7ea4a474\",\"userId\":\"164e9b10-b35e-4f42-8ae6-298f7ea4a474\",\"name\":\"Shakya Dissanayake\",\"userName\":\"Shakya Dissanayake\",\"email\":\"shakyaanuraj69@gmail.com\",\"image\":\"https://drive.google.com/file/d/11UZt_Ghscwt1dzor_njy03fgg6gs_EuK/view?usp=sharing\",\"role\":\"member\",\"joinedAt\":\"2025-08-05T10:51:42.219Z\"}", "{\"id\":\"06040f34-eec8-4405-af50-1cc1b7c896d1\",\"userId\":\"06040f34-eec8-4405-af50-1cc1b7c896d1\",\"name\":\"Ransadi de Alwis\",\"userName\":\"Ransadi de Alwis\",\"email\":\"dealwisransadi@gmail.com\",\"image\":\"https://drive.google.com/file/d/1byRx1XMhejTvNDSxP8IGvKzTh0uFiSnJ/view?usp=sharing\",\"role\":\"member\",\"joinedAt\":\"2025-08-05T10:51:49.308Z\"}", "{\"id\":\"340b7752-6a00-4da6-a8a6-0996ac0e5b84\",\"userId\":\"340b7752-6a00-4da6-a8a6-0996ac0e5b84\",\"name\":\"Hussel Suriyaarachchi\",\"userName\":\"Hussel Suriyaarachchi\",\"email\":\"hussel@aisee.ai\",\"image\":\"https://plfsm7exhtuj3efj.public.blob.vercel-storage.com/31b04a51-24c4-4323-8dde-a7fc6b57e1c1.jpeg\",\"role\":\"mentor\",\"joinedAt\":\"2025-08-07T07:02:58.977Z\"}", "{\"id\":\"d9743655-83b3-4bf4-80e5-a275b5b8f354\",\"userId\":\"d9743655-83b3-4bf4-80e5-a275b5b8f354\",\"name\":\"Jayathunga Arachchige Kasun Surindu  Chathuranga\",\"userName\":\"Jayathunga Arachchige Kasun Surindu  Chathuranga\",\"email\":\"kasunsurindu.cj@gmail.com\",\"image\":\"https://plfsm7exhtuj3efj.public.blob.vercel-storage.com/c45b9c7d-17b9-482f-9e31-fd5d3bf8c184.jpeg\",\"role\":\"mentor\",\"joinedAt\":\"2025-08-09T03:39:55.722Z\",\"addedBy\":\"8c5951c9-0900-4061-b272-87ab92a2d5d1\"}"]::text[], '2025-08-05T07:33:53.299864+00:00', '2025-08-12T08:39:42.112+00:00') ON CONFLICT DO NOTHING;
INSERT INTO "teams" ("id", "name", "description", "coverImage", "creatorId", "isPublic", "members", "createdAt", "updatedAt") VALUES ('72e71681-9340-49f5-972a-6d3d043c159c', 'machan.ai', 'How might we make a realistic immersive experience for people transitioning from a native language to English speaking environment to improve their technical English?', 'https://plfsm7exhtuj3efj.public.blob.vercel-storage.com/2c4e7398-1d87-43e3-9735-ca9cd8295057.jpeg', '8c5951c9-0900-4061-b272-87ab92a2d5d1', TRUE, ARRAY["{\"id\":\"28b6a34f-f9fc-4092-a009-65c4bfc0ecbd\",\"userId\":\"28b6a34f-f9fc-4092-a009-65c4bfc0ecbd\",\"name\":\"Dilina Bandara\",\"userName\":\"Dilina Bandara\",\"email\":\"dilinaedu@gmail.com\",\"image\":\"https://drive.google.com/file/d/1x6YHYeEDVOSCZCtovOlx_6MQrV5muvTF/view?usp=sharing\",\"role\":\"member\",\"joinedAt\":\"2025-08-05T10:54:36.145Z\"}", "{\"id\":\"0b27123b-9f36-4705-8052-9cda548cc52f\",\"userId\":\"0b27123b-9f36-4705-8052-9cda548cc52f\",\"name\":\"Ranshika Sandeepani\",\"userName\":\"Ranshika Sandeepani\",\"email\":\"ranshikasandeepani15@gmail.com\",\"image\":\"https://drive.google.com/file/d/1mD3fVfuztCTZraot9hC-d0gJiYs7uSsI/view?usp=sharing\",\"role\":\"member\",\"joinedAt\":\"2025-08-05T10:54:46.403Z\"}", "{\"id\":\"e334d6c7-f1ae-429d-9890-ebcfd0d64ebb\",\"userId\":\"e334d6c7-f1ae-429d-9890-ebcfd0d64ebb\",\"name\":\"Leeshan Liyanaarachchi\",\"userName\":\"Leeshan Liyanaarachchi\",\"email\":\"s20570@sci.pdn.ac.lk\",\"image\":\"https://drive.google.com/file/d/1qK-95JUzMRgeXUvK1r7lxjT5w_jU3cMf/view?usp=sharing\",\"role\":\"member\",\"joinedAt\":\"2025-08-05T10:54:54.075Z\"}", "{\"id\":\"5d47b976-fcd2-46db-8931-48cae69e67ce\",\"userId\":\"5d47b976-fcd2-46db-8931-48cae69e67ce\",\"name\":\"Sajeev Kugarajah\",\"userName\":\"Sajeev Kugarajah\",\"email\":\"sajeevk2001@gmail.com\",\"image\":\"https://drive.google.com/file/d/1h0z4vGw6gEYvwuS81ZLjpwmoscR4FDG1/view?usp=sharing\",\"role\":\"member\",\"joinedAt\":\"2025-08-05T10:55:21.336Z\"}", "{\"id\":\"41564ab3-6fca-45af-82d1-d45dbd60e4d2\",\"userId\":\"41564ab3-6fca-45af-82d1-d45dbd60e4d2\",\"name\":\"Gayuni Basnayake\",\"userName\":\"Gayuni Basnayake\",\"email\":\"gayunibas@gmail.com\",\"image\":\"https://drive.google.com/file/d/1_DRGN9MwRrYsUo1eyzow1XIa48j6u5tp/view?usp=sharing\",\"role\":\"member\",\"joinedAt\":\"2025-08-05T10:55:31.692Z\"}", "{\"id\":\"e87f88f0-a349-46cc-b6df-096797651f27\",\"userId\":\"e87f88f0-a349-46cc-b6df-096797651f27\",\"name\":\"Vanessa Tang\",\"userName\":\"Vanessa Tang\",\"email\":\"vanessa@aisee.ai\",\"image\":\"https://plfsm7exhtuj3efj.public.blob.vercel-storage.com/ad27033a-c1d6-480c-aef1-176a258e2b08.jpeg\",\"role\":\"mentor\",\"joinedAt\":\"2025-08-06T02:23:42.905Z\",\"addedBy\":\"8c5951c9-0900-4061-b272-87ab92a2d5d1\"}", "{\"userId\":\"f9d26d2b-7a25-4242-be43-e8d264b9ab37\",\"userName\":\"Jaliya Nimantha Kodithuwakku\",\"role\":\"mentor\",\"joinedAt\":\"2025-08-06T10:10:23.106Z\"}"]::text[], '2025-08-05T10:47:13.698543+00:00', '2025-08-12T08:37:13.598+00:00') ON CONFLICT DO NOTHING;

-- messages: 8 row(s)

INSERT INTO "messages" ("id", "senderId", "senderName", "receiverId", "receiverName", "content", "timestamp", "read") VALUES ('5230b9cb-7c1f-427c-805b-7622af9b15f5', '8c5951c9-0900-4061-b272-87ab92a2d5d1', 'Prasanth Sasikumar', 'ebe91750-90f2-4e72-8102-58e6a3ab4209', 'Moritz Messerschmidt', 'moshi mosh to you to brotha :D', '2025-08-06T08:19:42.743+00:00', FALSE) ON CONFLICT DO NOTHING;
INSERT INTO "messages" ("id", "senderId", "senderName", "receiverId", "receiverName", "content", "timestamp", "read") VALUES ('224d8625-4f60-4891-84d0-2b4ed1e4c16b', 'ebe91750-90f2-4e72-8102-58e6a3ab4209', 'Moritz Messerschmidt', '8c5951c9-0900-4061-b272-87ab92a2d5d1', 'Prasanth Sasikumar', 'whaat uyuuupp', '2025-08-07T06:46:18.486+00:00', FALSE) ON CONFLICT DO NOTHING;
INSERT INTO "messages" ("id", "senderId", "senderName", "receiverId", "receiverName", "content", "timestamp", "read") VALUES ('1ba91834-b9f7-4e9f-adac-33ce8bc61b6b', '8c5951c9-0900-4061-b272-87ab92a2d5d1', 'Prasanth Sasikumar', '340b7752-6a00-4da6-a8a6-0996ac0e5b84', 'Hussel Suriyaarachchi', 'Welcome!!! :D', '2025-08-07T06:52:41.036+00:00', FALSE) ON CONFLICT DO NOTHING;
INSERT INTO "messages" ("id", "senderId", "senderName", "receiverId", "receiverName", "content", "timestamp", "read") VALUES ('94f0fea7-1f65-4ad3-a05d-b225465f532c', 'ebe91750-90f2-4e72-8102-58e6a3ab4209', 'Moritz Messerschmidt', '8c5951c9-0900-4061-b272-87ab92a2d5d1', 'Prasanth Sasikumar', 'yooooooooo', '2025-11-20T07:20:58.923+00:00', FALSE) ON CONFLICT DO NOTHING;
INSERT INTO "messages" ("id", "senderId", "senderName", "receiverId", "receiverName", "content", "timestamp", "read") VALUES ('d42fdfac-8b67-4164-a12c-814a29eee530', '8c5951c9-0900-4061-b272-87ab92a2d5d1', 'Prasanth Sasikumar', 'ebe91750-90f2-4e72-8102-58e6a3ab4209', 'Moritz Messerschmidt', 'sexy as bro :D', '2025-11-20T08:31:31.546+00:00', FALSE) ON CONFLICT DO NOTHING;
INSERT INTO "messages" ("id", "senderId", "senderName", "receiverId", "receiverName", "content", "timestamp", "read") VALUES ('5064fce1-3b30-43b6-9ccb-7ca4644cba5c', '72da9505-3ac6-42f4-aac7-f5d53a717307', 'Ryo Hajika', '8c5951c9-0900-4061-b272-87ab92a2d5d1', 'Prasanth Sasikumar', 'yo', '2025-08-05T05:56:40.161+00:00', FALSE) ON CONFLICT DO NOTHING;
INSERT INTO "messages" ("id", "senderId", "senderName", "receiverId", "receiverName", "content", "timestamp", "read") VALUES ('02370031-e445-44be-aaaa-be8ad56c0a61', '8c5951c9-0900-4061-b272-87ab92a2d5d1', 'Prasanth Sasikumar', '72da9505-3ac6-42f4-aac7-f5d53a717307', 'Ryo Hajika', 'Heyo!', '2025-08-05T05:57:42.978+00:00', FALSE) ON CONFLICT DO NOTHING;
INSERT INTO "messages" ("id", "senderId", "senderName", "receiverId", "receiverName", "content", "timestamp", "read") VALUES ('3989c7b8-7852-4492-9d9e-1a684f576b40', 'ebe91750-90f2-4e72-8102-58e6a3ab4209', 'Moritz Messerschmidt', '8c5951c9-0900-4061-b272-87ab92a2d5d1', 'Prasanth Sasikumar', 'moshi moshi brotha', '2025-08-06T05:37:17.448+00:00', FALSE) ON CONFLICT DO NOTHING;

-- team_links: 13 row(s)

INSERT INTO "team_links" ("id", "team_id", "content", "created_by", "created_at") VALUES ('15d94953-3340-479c-88c8-59c928888cd5', 'group_e3wvkjtf3', 'adding', 'admin-user-001', '2025-08-04T08:01:50.417743+00:00') ON CONFLICT DO NOTHING;
INSERT INTO "team_links" ("id", "team_id", "content", "created_by", "created_at") VALUES ('69fd600f-3d95-4024-9257-ffcd54585820', 'group_e3wvkjtf3', 'test', 'admin-user-001', '2025-08-04T08:19:07.706542+00:00') ON CONFLICT DO NOTHING;
INSERT INTO "team_links" ("id", "team_id", "content", "created_by", "created_at") VALUES ('3f2e1dda-2a28-444c-ac06-4574f9c7a6fe', 'group_e3wvkjtf3', 'test', '199f7885-0da7-421e-9253-59591ba3f04e', '2025-08-04T08:23:43.755671+00:00') ON CONFLICT DO NOTHING;
INSERT INTO "team_links" ("id", "team_id", "content", "created_by", "created_at") VALUES ('a8023ca1-917d-4828-8606-7bd7ad261213', '5117d961-31e1-4f45-9fdf-9444d62602a9', 'https://huggingface.co/spaces/facebook/MusicGen', '8c5951c9-0900-4061-b272-87ab92a2d5d1', '2025-08-05T07:43:37.178382+00:00') ON CONFLICT DO NOTHING;
INSERT INTO "team_links" ("id", "team_id", "content", "created_by", "created_at") VALUES ('53730347-ae30-4fab-b442-2fb9b8809a36', '921bd9e9-11e4-494c-b121-0f363eb0ddb6', 'Hey Team, looking forward to meet you at the ICE workshop!! :)', 'ebe91750-90f2-4e72-8102-58e6a3ab4209', '2025-08-06T05:42:48.507222+00:00') ON CONFLICT DO NOTHING;
INSERT INTO "team_links" ("id", "team_id", "content", "created_by", "created_at") VALUES ('a88e7024-a79e-41ec-b96a-62710f921cf6', '72e71681-9340-49f5-972a-6d3d043c159c', 'Create a VR Space for people transitioning from a native lanuage to english speaking environment so that they can be fluent and confident in english in their context.', '8c5951c9-0900-4061-b272-87ab92a2d5d1', '2025-08-09T12:28:01.714375+00:00') ON CONFLICT DO NOTHING;
INSERT INTO "team_links" ("id", "team_id", "content", "created_by", "created_at") VALUES ('ab7799cc-5afa-45fc-a313-e89fc9d63078', '23f431d4-08c6-44ff-bad2-c6e4ef39dcf1', 'How might we make a realistic live performance, practicing and managing environment for people with stage fear to reduce anxiety and increase confidence and performance skills have performance for practicing and managing environment for people with stage fear to reduce anxiety and increase confidence and performance skills?', '8c5951c9-0900-4061-b272-87ab92a2d5d1', '2025-08-11T05:20:04.230175+00:00') ON CONFLICT DO NOTHING;
INSERT INTO "team_links" ("id", "team_id", "content", "created_by", "created_at") VALUES ('fff9e8ec-e15d-43a9-8a10-41d244cf51f2', '921bd9e9-11e4-494c-b121-0f363eb0ddb6', 'How might we get work from home people to go out for breaks without impacting their productivity?', '8c5951c9-0900-4061-b272-87ab92a2d5d1', '2025-08-11T05:21:15.388522+00:00') ON CONFLICT DO NOTHING;
INSERT INTO "team_links" ("id", "team_id", "content", "created_by", "created_at") VALUES ('3b3c946f-c6fe-4f7c-b53a-c2857d2f6bac', 'e8fe8852-9381-4048-a05c-4c26b20c61b6', 'How might we provide accessible assistance for adults who are 18+ and diagnosed with ADHD so that they can self manage and achieve an efficient lifestyle?', '8c5951c9-0900-4061-b272-87ab92a2d5d1', '2025-08-11T05:22:21.819928+00:00') ON CONFLICT DO NOTHING;
INSERT INTO "team_links" ("id", "team_id", "content", "created_by", "created_at") VALUES ('1bf25a20-a1fb-4399-97a1-dbfa30697b59', '72e71681-9340-49f5-972a-6d3d043c159c', 'How might we make a realistic immersive experience for people transitioning from a native language to English speaking environment to improve their technical English?', '8c5951c9-0900-4061-b272-87ab92a2d5d1', '2025-08-11T05:23:10.147098+00:00') ON CONFLICT DO NOTHING;
INSERT INTO "team_links" ("id", "team_id", "content", "created_by", "created_at") VALUES ('4dcc46ba-4e99-4543-b8d2-2f47b7593abe', 'c156cc88-9a8b-4a4e-b61a-c799df683140', 'How might we encourage Sri Lankan drivers to abide by traffic laws and reduce the most common vehicle accident related to reckless driving?', '8c5951c9-0900-4061-b272-87ab92a2d5d1', '2025-08-11T05:23:46.160762+00:00') ON CONFLICT DO NOTHING;
INSERT INTO "team_links" ("id", "team_id", "content", "created_by", "created_at") VALUES ('7fac69c9-b506-4d58-8349-852c61b57614', '5117d961-31e1-4f45-9fdf-9444d62602a9', 'How might we empower secondary school blind students to independently understand algebraic expressions, fostering greater active participation in the classroom?', '8c5951c9-0900-4061-b272-87ab92a2d5d1', '2025-08-11T05:24:25.670502+00:00') ON CONFLICT DO NOTHING;
INSERT INTO "team_links" ("id", "team_id", "content", "created_by", "created_at") VALUES ('9cf00992-5fb5-4155-8d0f-6ff5ec43b378', 'c156cc88-9a8b-4a4e-b61a-c799df683140', 'https://donkeydriver.netlify.app/', '8c5951c9-0900-4061-b272-87ab92a2d5d1', '2025-08-12T08:20:59.611316+00:00') ON CONFLICT DO NOTHING;

-- team_chats: no rows

-- team_images: 11 row(s)

INSERT INTO "team_images" ("id", "team_id", "image_url", "filename", "created_by", "created_at") VALUES ('03efbbfb-3788-409c-8959-3533b4e34333', 'group_e3wvkjtf3', 'https://plfsm7exhtuj3efj.public.blob.vercel-storage.com/1754295561425-1d9cacc1-edeb-4690-add2-433b795320c5.png', '1754295561425-1d9cacc1-edeb-4690-add2-433b795320c5.png', 'admin-user-001', '2025-08-04T08:19:21.810226+00:00') ON CONFLICT DO NOTHING;
INSERT INTO "team_images" ("id", "team_id", "image_url", "filename", "created_by", "created_at") VALUES ('2168c898-0002-4c15-9b7a-82d6d2963d38', 'group_e3wvkjtf3', 'https://plfsm7exhtuj3efj.public.blob.vercel-storage.com/1754295834461-278d1659-fcda-412d-8d8f-354aa97df56c.png', '1754295834461-278d1659-fcda-412d-8d8f-354aa97df56c.png', '199f7885-0da7-421e-9253-59591ba3f04e', '2025-08-04T08:23:55.312838+00:00') ON CONFLICT DO NOTHING;
INSERT INTO "team_images" ("id", "team_id", "image_url", "filename", "created_by", "created_at") VALUES ('f9e502e7-ed52-4c14-894f-c8b8e21921e8', '23f431d4-08c6-44ff-bad2-c6e4ef39dcf1', '/uploads/1754377552402-15d27114-d78d-4f2b-a83f-2d908cf561a6.png', '1754377552402-15d27114-d78d-4f2b-a83f-2d908cf561a6.png', '8c5951c9-0900-4061-b272-87ab92a2d5d1', '2025-08-05T07:05:54.435138+00:00') ON CONFLICT DO NOTHING;
INSERT INTO "team_images" ("id", "team_id", "image_url", "filename", "created_by", "created_at") VALUES ('deba01b3-3c6d-4839-b06e-6879122803f5', '921bd9e9-11e4-494c-b121-0f363eb0ddb6', 'https://plfsm7exhtuj3efj.public.blob.vercel-storage.com/1754712672624-55693122-bb14-4739-b775-75b89dae5856.jpeg', '1754712672624-55693122-bb14-4739-b775-75b89dae5856.jpeg', '9b594a31-cb83-49b5-855a-cea31d359e92', '2025-08-09T04:11:12.969617+00:00') ON CONFLICT DO NOTHING;
INSERT INTO "team_images" ("id", "team_id", "image_url", "filename", "created_by", "created_at") VALUES ('bc0a1f19-6dd0-4ccb-9a1b-dba3063c90d9', 'e8fe8852-9381-4048-a05c-4c26b20c61b6', 'https://plfsm7exhtuj3efj.public.blob.vercel-storage.com/1754713052644-5f29c285-d0c6-45a2-b7bf-ff7416a6f5d8.jpeg', '1754713052644-5f29c285-d0c6-45a2-b7bf-ff7416a6f5d8.jpeg', '39084a1a-2022-4629-a38c-97318cc57160', '2025-08-09T04:17:33.064922+00:00') ON CONFLICT DO NOTHING;
INSERT INTO "team_images" ("id", "team_id", "image_url", "filename", "created_by", "created_at") VALUES ('e12862b6-99bb-4cc9-9d0a-dd2aea908278', '23f431d4-08c6-44ff-bad2-c6e4ef39dcf1', 'https://plfsm7exhtuj3efj.public.blob.vercel-storage.com/1754891956342-18fbce3d-8934-4a20-b943-c81236a8aa44.jpeg', '1754891956342-18fbce3d-8934-4a20-b943-c81236a8aa44.jpeg', '8c5951c9-0900-4061-b272-87ab92a2d5d1', '2025-08-11T05:59:17.1749+00:00') ON CONFLICT DO NOTHING;
INSERT INTO "team_images" ("id", "team_id", "image_url", "filename", "created_by", "created_at") VALUES ('4f779901-f5ed-4994-8adb-360873d09712', '23f431d4-08c6-44ff-bad2-c6e4ef39dcf1', 'https://plfsm7exhtuj3efj.public.blob.vercel-storage.com/1754892110469-191cefc3-d644-4827-b086-8a8eb0544995.jpeg', '1754892110469-191cefc3-d644-4827-b086-8a8eb0544995.jpeg', '8c5951c9-0900-4061-b272-87ab92a2d5d1', '2025-08-11T06:01:50.769357+00:00') ON CONFLICT DO NOTHING;
INSERT INTO "team_images" ("id", "team_id", "image_url", "filename", "created_by", "created_at") VALUES ('f83778e4-2dda-4d91-bca4-173ea6133b6c', 'c156cc88-9a8b-4a4e-b61a-c799df683140', 'https://plfsm7exhtuj3efj.public.blob.vercel-storage.com/1754892271937-3eabf0cb-7328-4af2-be20-416102db6887.jpeg', '1754892271937-3eabf0cb-7328-4af2-be20-416102db6887.jpeg', '8c5951c9-0900-4061-b272-87ab92a2d5d1', '2025-08-11T06:04:32.76267+00:00') ON CONFLICT DO NOTHING;
INSERT INTO "team_images" ("id", "team_id", "image_url", "filename", "created_by", "created_at") VALUES ('a3bc71cd-bd97-47f2-aaeb-fe921ab11567', 'c156cc88-9a8b-4a4e-b61a-c799df683140', 'https://plfsm7exhtuj3efj.public.blob.vercel-storage.com/1754892288009-fa850189-c401-4b17-87ba-08ee49977144.jpeg', '1754892288009-fa850189-c401-4b17-87ba-08ee49977144.jpeg', '8c5951c9-0900-4061-b272-87ab92a2d5d1', '2025-08-11T06:04:48.842791+00:00') ON CONFLICT DO NOTHING;
INSERT INTO "team_images" ("id", "team_id", "image_url", "filename", "created_by", "created_at") VALUES ('15933d26-84f9-46a1-ac92-80b5feee18dc', 'c156cc88-9a8b-4a4e-b61a-c799df683140', 'https://plfsm7exhtuj3efj.public.blob.vercel-storage.com/1754892318168-6e7e2eaf-526d-4fcd-9a04-698c9d15f222.jpeg', '1754892318168-6e7e2eaf-526d-4fcd-9a04-698c9d15f222.jpeg', '8c5951c9-0900-4061-b272-87ab92a2d5d1', '2025-08-11T06:05:19.397472+00:00') ON CONFLICT DO NOTHING;
INSERT INTO "team_images" ("id", "team_id", "image_url", "filename", "created_by", "created_at") VALUES ('87c3849f-5dc2-4696-9490-91f3a4acb06f', '72e71681-9340-49f5-972a-6d3d043c159c', 'https://plfsm7exhtuj3efj.public.blob.vercel-storage.com/1754892355413-3df0126e-8305-4376-84bb-cd93d4c46c29.jpeg', '1754892355413-3df0126e-8305-4376-84bb-cd93d4c46c29.jpeg', '8c5951c9-0900-4061-b272-87ab92a2d5d1', '2025-08-11T06:05:55.843493+00:00') ON CONFLICT DO NOTHING;

-- announcements: 1 row(s)

INSERT INTO "announcements" ("id", "title", "content", "type", "author_id", "author_name", "is_pinned", "is_published", "created_at", "updated_at", "expires_at") VALUES ('d60babce-6a56-413c-9203-0f191a7ce460', 'Tharindu''s Slides', 'AI Tools and Pointers 

https://docs.google.com/presentation/d/1CoatRLpEQgt5n6G7RgAZWbxUzGpW3Og0KXztnJqibck/edit?usp=drivesdk', 'info', 'e49f792a-268b-433e-8521-f8d69fe588ce', 'Tharindu Kaluarachchi', FALSE, TRUE, '2025-08-10T05:52:48.732+00:00', '2025-08-10T05:52:48.732+00:00', NULL) ON CONFLICT DO NOTHING;

COMMIT;
